Letter ID,Title,Date,Creator,Top Terms (comma-separated)
1,"Aase Holm to John Holm 1948.1.23",1948.01.12,"Aase Holm","christmas(0.039), stein(0.036), turid(0.036), eilif(0.034), ragnhild(0.029), eve(0.022), tree(0.022), children(0.022), ski(0.021), halsen(0.018)"
2,"Agnes Tangvik to John Holm 1947.9.26",1947.09.26,"Agnes Tangvik","revival(0.050), jesus(0.044), step(0.040), salvation(0.037), sleep(0.032), prayer(0.032), meeting(0.028), song(0.027), meetings(0.027), pkg(0.025)"
3,"Agnes Tangvik to John Holm 1947.12.30",1947.12.30,"Agnes Tangvik","banks(0.054), bikes(0.051), pen(0.042), agnes(0.041), sverre(0.038), customs(0.037), wonderfully(0.034), piggy(0.034), fighting(0.034), suggest(0.034)"
4,"Ågot Søberg to Alma C. Wilson 1948.2.14",1948.02.14,"Ågot Søberg","edvart(0.061), gretha(0.058), søberg(0.038), school(0.037), jan(0.031), 12th(0.026), understood(0.025), sad(0.023), 14-2-48(0.020), unhappy(0.020)"
5,"Ågot Søberg to Alma C. Wilson 1946.12",1946.12,"Ågot Søberg","km(0.068), mile(0.036), edvart(0.030), walk(0.030), towns(0.030), road(0.027), school(0.024), old(0.023), greta(0.022), didn(0.022)"
6,"Ågoth Søberg to Alma C. Wilson 1956.12.2",1956.12.02,"Ågoth Søberg","bergliot(0.088), thompsen(0.067), ortley(0.050), edvard(0.035), 2-12-56(0.034), ireland(0.034), godmother(0.034), font(0.034), lived(0.032), marie(0.031)"
7,"Ågoth Søberg to Alma C. Wilson 1947.5.17",1947.05.17,"Ågoth Søberg","parade(0.084), arriving(0.073), 17th(0.063), ågoth(0.063), greta(0.054), johan(0.047), celebrations(0.042), freely(0.042), photographed(0.042), slip(0.042)"
8,"Ågoth Søberg to Alma C. Wilson 1948.10.17",1948.10.17,"Ågoth Søberg","gretha(0.055), tonight(0.053), visitor(0.039), mineapolis(0.039), schooling(0.039), halden(0.039), points(0.039), 17-10-48(0.039), calves(0.034), phone(0.034)"
9,"Alma C. Wilson to Stjørdalens Sparebank 1948.4.27",1948.04.27,"Alma C. Wilson","holm(0.090), stjørdalen(0.080), norway(0.070), rosenborg(0.057), strinda(0.057), daughterklara(0.057), exectrutrix(0.057), markus(0.051), dead(0.051), conrad(0.050)"
10,"Alma C. Wilson to Klara Krogstad 1948.10.6",1948.10.06,"Siri Lawson, trans.","mother(0.028), hasn(0.022), child(0.019), table(0.019), customs(0.019), shortest(0.017), shakers(0.017), spoons(0.017), horn(0.017), ivory(0.017)"
11,"Alma C. Wilson to Edvard and Hanna Eidum 1948.3.16",1948.03.16,"Alma C. Wilson","bank(0.053), ole(0.044), 200(0.039), john(0.033), money(0.031), wrote(0.028), reply(0.027), mother(0.025), why(0.024), poor(0.024)"
12,"Alma C. Wilson to Axel Holm 1948.4.19",1948.04.19,"Alma C. Wilson","couldn(0.069), demanded(0.062), florence(0.058), 19th(0.053), moving(0.053), 48(0.051), certificate(0.051), unusually(0.051), nonsense(0.048), ole(0.047)"
13,"Alma C. Wilson to Ola Holm 1948.2.20",1948.02.20,"Alma C. Wilson","nose(0.056), regretted(0.034), john(0.031), knew(0.028), evelyn(0.026), late(0.022), doctor(0.022), 2-20-48(0.021), minded(0.021), coughed(0.021)"
14,"Alma C. Wilson to Axel and Laura Holm 1948.1.20",1948.01.20,"Alma C. Wilson","priest(0.088), january(0.074), recipe(0.073), funeral(0.055), buried(0.052), save(0.052), illness(0.046), anyone(0.040), 20-48(0.037), lutheran(0.037)"
15,"Alma C. Wilson to Edvard and Hanna Eidum 1948.9.26",1948.09.26,"Alma C. Wilson","hannah(0.051), broken(0.044), bones(0.039), surprised(0.037), divide(0.028), signed(0.028), flu(0.028), money(0.027), ole(0.026), afraid(0.025)"
16,"Alma C. Wilson to Unknown Undated",Unknown,"Alma C. Wilson","jens(0.204), trønderlag(0.204), baltic(0.204), wednesday(0.178), olsen(0.178), henry(0.178), wash(0.152), tuesday(0.144), spent(0.137), folks(0.127)"
17,"Alma C. Wilson to Axel Holm 1948.4.28",1948.04.28,"Alma C. Wilson","banken(0.108), reasons(0.108), stjørdals(0.094), demanded(0.094), forgot(0.086), 48(0.076), included(0.076), 28(0.073), names(0.070), wrote(0.068)"
18,"Alma C. Wilson to Hegre Sparebank 1948.3.16",1948.03.16,"Alma C. Wilson","bank(0.170), hegre(0.169), 3-16-1948(0.141), rapids(0.126), dell(0.124), calculations(0.123), 108(0.123), spare(0.113), honorable(0.113), gentlemen(0.100)"
19,"Alma C. Wilson to Stjørdalen Sparebank 1948.3.16",1948.03.16,"Alma C. Wilson","rapids(0.096), dell(0.095), reply(0.086), 16-48(0.086), honorable(0.086), 102(0.086), anybody(0.081), gentlemen(0.076), sincerely(0.076), hereby(0.073)"
20,"Alma C. Wilson to Trondhjems Handels Bank 1948.3.16",1948.03.16,"Alma C. Wilson","rapids(0.160), dell(0.157), bank(0.144), trondhjems(0.120), handels(0.120), commercial(0.105), 108(0.105), 16-48(0.096), honorable(0.096), gentlemen(0.085)"
21,"Untitled Song Undated",Unknown,"Alma C. Wilson","handwriting(0.618), song(0.503), looks(0.243), norwegian(0.176), alma(0.077), s(0.020)"
22,"Anna Pettersen to John Holm 1946.12.2",1946.12.02,"Siri Lawson, trans.","12-48(0.074), necessities(0.074), fisherman(0.074), coats(0.074), pettersen(0.074), båtsfjord(0.074), size(0.072), liberty(0.065), 52(0.065), 42(0.065)"
23,"Anna Holm Sundberg to Alma Holm Vilson 1946.2.20",1946.02.20,"Anna Holm Sundberg","senile(0.043), jorun(0.043), died(0.037), married(0.036), owns(0.029), bjørg(0.029), kari(0.029), tora(0.029), leif(0.029), folke(0.029)"
24,"En Styg Ulykke - Clipping Markus Fatal Accident 1914.10",1914.10,"Siri Lawson, trans.","occurred(0.121), confirmed(0.097), accident(0.078), train(0.070), southbound(0.060), approx(0.060), desouled(0.060), 1-13(0.060), pointing(0.060), arildsløkken(0.053)"
25,"Ulykke Paa Jernbanelinjen Clipping Markus Accident 1914.10",1914.10,"Siri Lawson, trans.","tracks(0.115), train(0.100), railroad(0.094), worker(0.092), pieces(0.092), wheelbarrow(0.092), line(0.086), accident(0.074), across(0.073), run(0.067)"
26,"Død i Amerika Clipping John Holm Obituary 1948",1948,"Siri Lawson, trans.","survived(0.071), blacksmith(0.061), holmsplass(0.047), trøite(0.041), summers(0.038), peter(0.038), stjørdalshalsen(0.038), hembre(0.035), wet(0.035), childhood(0.035)"
27,"John Holm to Axel Holm 1946.7.8 Partial Letter",1946.07.08,"John Holm","bank(0.141), transcript(0.094), signature(0.094), hundred(0.088), sparebank(0.073), share(0.073), equal(0.059), køhler(0.059), stamped(0.059), 025(0.059)"
28,"Axel Holm to Alma C. Wilson 1952.3.1",1952.03.01,"Axel Holm","relationship(0.059), misery(0.059), jesus(0.036), 1952(0.034), atonement(0.034), victorious(0.034), housekeeper(0.034), believer(0.034), riley(0.034), tribulations(0.034)"
29,"Axel Holm to John Holm 1947.7.2",1947.07.02,"Axel Holm","rock(0.064), boulders(0.040), opdal(0.033), lord(0.030), covered(0.028), ground(0.026), promise(0.026), sin(0.025), god(0.024), gave(0.023)"
30,"Axel Holm to John Holm 1938.3.2",1938.03.02,"Axel Holm","life(0.041), song(0.030), road(0.029), snow(0.029), march-1938(0.027), sound(0.027), clouds(0.027), thorns(0.027), rhimes(0.027), begins(0.027)"
31,"Axel Holm to Alma C. Wilson 1949.4.3",1949.04.03,"Axel Holm","seeds(0.079), die(0.042), sow(0.039), selbuskogen(0.039), forest(0.039), reheated(0.039), sauce(0.039), forms(0.039), salaries(0.039), offices(0.039)"
32,"Axel Holm to John Holm 1945.12.3",1945.12.03,"Axel Holm","hans(0.050), excellent(0.039), sme(0.039), nils(0.036), pairs(0.034), gloves(0.032), blanket(0.029), knives(0.026), jacket(0.026), unlucky(0.026)"
33,"Axel Holm to John Holm 1947.6.3",1947.06.03,"Axel Holm","utsyn(0.059), 3rd(0.046), herborg(0.044), 35th(0.034), article(0.034), were15(0.034), leaf(0.034), magic(0.034), rays(0.034), sprouted(0.034)"
34,"Axel Holm to John Holm 1918.3.3",1918.03.03,"Axel Holm","lord(0.082), sofar(0.073), ill(0.061), jesus(0.057), 3-3-1918(0.054), wicked(0.054), withheld(0.054), pierced(0.054), stjørdalen(0.050), praised(0.047)"
35,"Axel Holm to Alma C. Wilson 1945.10.3",1945.10.03,"Axel Holm","burnt(0.043), christ(0.033), destruction(0.033), german(0.030), towards(0.026), 3-10-45(0.025), civilian(0.025), motors(0.025), motor(0.025), heap(0.025)"
36,"Axel Holm to John Holm 1947.10.3",1947.10.03,"Axel Holm","bus(0.038), fields(0.030), potatoes(0.027), name(0.026), mountain(0.026), wonder(0.026), illustrates(0.026), speed(0.026), passengers(0.026), luckily(0.026)"
37,"Axel Holm to John Holm 1919.4.4",1919.04.04,"Axel Holm","krone(0.077), 1st(0.038), order(0.034), heaven(0.033), longer(0.032), 1919(0.029), thousands(0.029), buckled(0.029), 16-1918(0.029), havdahl(0.029)"
38,"Axel Holm to John Holm 1917.2.5",1917.02.05,"Axel Holm","øian(0.147), praise(0.130), jesus(0.107), gathered(0.071), magrethe(0.067), peder(0.059), salvation(0.050), follow(0.050), lord(0.038), heaven(0.038)"
39,"Axel Holm to Alma C. Wilson 1946.2.5",1946.02.05,"Axel Holm","arrested(0.042), parties(0.035), package(0.031), february-1946(0.028), delivers(0.028), foreman(0.028), freemasons(0.028), rumoured(0.028), expand(0.028), langsund(0.028)"
40,"Axel Holm to John Holm 1946.8.7",1946.08.07,"Axel Holm","pr(0.050), raspberries(0.039), 1(0.038), farm(0.034), berries(0.029), big(0.027), land(0.025), potatoes(0.024), inventory(0.022), storkjynna(0.022)"
41,"Axel Holm to Alma C. Wilson 1946.12.7",1946.12.07,"Axel Holm","obituary(0.033), strength(0.033), hembre(0.031), hans(0.031), blacksmith(0.027), newspaper(0.026), christmas(0.025), johan(0.023), helga(0.022), 7-12-1946(0.021)"
42,"Axel Holm to Alma C. Wilson 1947.9.8",1947.09.08,"Axel Holm","picking(0.042), sewing(0.041), china(0.039), alive(0.033), 8-9-1947(0.031), valleys(0.031), attracted(0.031), chinese(0.031), wretched(0.031), couldn(0.030)"
43,"Axel Holm to Karoline Holm 1948.7.9",1948.07.09,"Laura Karlson","share(0.070), julay(0.060), gjertine(0.049), gift(0.047), savings(0.047), bank(0.045), olava(0.044), dated(0.041), absent(0.038), stipulation(0.038)"
44,"Axel Holm to Alma C. Wilson 1948.6.9",1948.06.09,"Axel Holm","papers(0.079), shape(0.074), gift(0.062), 9-6-48(0.050), income(0.050), withdrawn(0.050), regrettable(0.050), tumor(0.043), lung(0.043), treatment(0.043)"
45,"Axel Holm to John Holm 1946.7.10",1946.07.10,"Axel Holm","acid(0.053), 1(0.052), contained(0.037), blanket(0.034), state(0.034), 10-7-1946(0.026), undershirt(0.026), key(0.026), crowbar(0.026), depends(0.026)"
46,"Axel Holm to John Holm 1946.12.11",1946.12.11,"Axel Holm","ax(0.138), dec(0.061), inclosed(0.057), enok(0.057), rode(0.057), glimpse(0.057), 11th(0.050), -1946(0.050), berg(0.050), 37(0.046)"
47,"Axel Holm to Alma C. Wilson 1948.4.15",1948.04.15,"Axel Holm","bank(0.044), fear(0.039), met(0.029), 15-4-48(0.028), collecting(0.028), contributions(0.028), generous(0.028), trøvle(0.028), guessing(0.028), safekeeping(0.028)"
48,"Axel Holm to Alma C. Wilson 1948.3.16",1948.03.16,"Axel Holm","bank(0.076), money(0.054), norges(0.033), withdraw(0.032), ole(0.031), estate(0.031), try(0.030), gift(0.029), immediately(0.028), kept(0.027)"
49,"Axel Holm to John Holm 1947.8.17",1947.08.17,"Axel Holm","jarl(0.051), sundalsøra(0.047), mountain(0.046), sona(0.032), railroad(0.030), mountains(0.029), stokke(0.029), fish(0.029), rock(0.029), childhood(0.027)"
50,"Axel Holm to John Holm 1946.7.17",1946.07.17,"Axel Holm","plane(0.040), the15th(0.033), sets(0.033), swing(0.033), 39(0.033), rapid(0.033), trains(0.033), jog-trotting(0.033), busier(0.033), nestna(0.033)"
51,"Mathilda Halvorson to Karoline Holm 1911.10.10",1911.10.10,"Mathilda Halvorson","alkoly(0.084), signe(0.084), deadwood(0.084), sturges(0.084), raise(0.084), dry(0.073), immediately(0.050), town(0.042), 1911(0.042), helmer(0.042)"
52,"Emigration Certificate 1914.7.31",1914.07.31,"Unknown","horneman(0.129), hegre(0.117), h(0.092), 20th(0.087), n(0.084), e(0.079), records(0.065), magnus(0.065), cotter(0.065), thirtieth(0.065)"
53,"Ola Holm to John Holm 1914.10.17",1914.10.17,"Ola Holm","train(0.079), apparently(0.079), happened(0.061), horrible(0.055), imagine(0.046), beside(0.045), track(0.045), pulled(0.045), dragged(0.045), enter(0.045)"
54,"Ola Holm 1914.10.19",1914.10.19,"Ola Holm","train(0.053), 19-14(0.046), resulting(0.046), immediate(0.046), thighs(0.046), blink(0.046), aware(0.046), union(0.046), privately(0.046), dybvad(0.046)"
55,"Olav Holm to John Holm 1915.9.17",1915.09.17,"Olav Holm","funeral(0.091), duty(0.059), peacefully(0.046), appeared(0.046), belonged(0.046), foundation(0.046), orphans(0.046), crossed(0.046), funerals(0.046), thursday(0.046)"
56,"A. H. Voler to Karonline Holm 1916.4.4",1916.04.04,"A. H. Voler","raging(0.044), wise(0.044), 4th(0.034), pray(0.031), house(0.028), power(0.028), looks(0.027), killing(0.025), riot(0.025), prophets(0.025)"
57,"Axel Holm to John Holm 1917.1.30",1917.01.30,"Axel Holm","vangberg(0.099), jesus(0.094), øian(0.087), meetings(0.053), follow(0.050), praise(0.043), wished(0.043), lord(0.038), 30-1-1917(0.033), giant(0.033)"
58,"Ola Holm to John Holm 1917.12.26",1917.12.26,"Ola Holm","suppose(0.067), 26-1917(0.065), harbour(0.065), toke(0.065), rations(0.065), object(0.065), haha(0.065), goten(0.065), oians(0.065), oiens(0.065)"
59,"Ola Holm to John Holm 1923.12.2",1923.12.02,"Ola Holm","shop(0.045), tyrefjord(0.043), cancelled(0.043), rush(0.043), autos(0.043), almanac(0.043), lovingly(0.043), relaxing(0.043), hard(0.039), proper(0.038)"
60,"Sonja Holm to John Holm 1925.3.17",1925.03.17,"Sonja Holm","k(0.135), kicking(0.077), screaming(0.077), cradle(0.077), scout(0.077), unruly(0.077), bisbehaugen(0.077), sledding(0.077), needle(0.077), skating(0.068)"
61,"Berith Holm to John Holm 1925.3.17",1925.03.17,"Berith Holm","inches(0.080), berith(0.070), coat(0.069), begging(0.058), shoulder(0.047), english(0.034), 3-1925(0.033), catalogue(0.033), paying(0.033), prefer(0.033)"
62,"Klara Krogstad to Alma C. Wilson 1932.9.6",1932.09.06,"Klara Krogstad","klara(0.033), hand(0.031), mentions(0.029), dresses(0.029), painful(0.029), 1935(0.028), ansigtsros(0.028), veil(0.028), september(0.027), named(0.025)"
63,"Conrad Holm to John Holm 1926.2.7",1926.02.07,"Conrad Holm","trøan(0.056), built(0.044), 7(0.041), 1926(0.035), kidney(0.035), lasting(0.035), 1920(0.035), bjørgnes(0.035), bauk(0.035), peteranna(0.035)"
64,"Ola Holm to to John Holm 1925.3.25",1925.03.25,"Ola Holm","interest(0.056), reading(0.056), 3-25(0.045), kjæreste(0.045), broder(0.045), surpirse(0.045), nearer(0.045), receipts(0.045), breath(0.045), rosenborgstgt(0.045)"
65,"Stjørdalens Sparebank to John Holm 1938.5.2",1938.05.02,"Stjørdalens Sparebank","bankbook(0.095), stjørdalens(0.067), changed(0.067), sparebank(0.059), interest(0.059), form(0.054), 1938(0.047), boxt(0.047), reference(0.047), inquiry(0.047)"
66,"Sonja Holm to John Holm 1934.2.15",1934.02.15,"Sonja Holm","rains(0.098), cleo(0.090), effi(0.079), knife(0.076), sonja(0.060), 2-34(0.056), competition(0.056), skiers(0.056), scandinavia(0.056), henie(0.056)"
67,"Ola Holm to John Holm 1930.1.26",1930.01.26,"Ola Holm","insignificant(0.071), mild(0.065), change(0.052), 1-30(0.040), horseshoeing(0.040), electrician(0.040), publishing(0.040), global(0.040), kidnies(0.040), hjem(0.035)"
68,"Ola Holm to John Holm Card 1933.12.19",1933.12.19,"Ola Holm","wished(0.273), merry(0.205), ole(0.139), happy(0.118), christmas(0.087), wishes(0.077), fine(0.072), brother(0.057), hope(0.057), best(0.049)"
69,"Laura Karlson to Alma Vilson 1933.12.3",1933.12.03,"Laura Karlson","x(0.253), 12-1933(0.145), arvid(0.108), heggedal(0.098), house(0.082), side(0.079), above(0.079), card(0.074), merry(0.070), mine(0.061)"
70,"Evelyn Holm to John Holm 1934.1.8",1934.01.08,"Evelyn Holm","arvid(0.065), knife(0.058), 8-1-34(0.043), wintery(0.043), inexperienced(0.043), burners(0.043), rained(0.038), supplies(0.038), repairs(0.038), plates(0.038)"
71,"Klara Krogstad to Alma C. Wilson 1934.1.21",1934.01.21,"Klara Krogstad","alfred(0.057), understand(0.037), name(0.036), lucky(0.036), event(0.035), sofie(0.035), overcrowded(0.035), eases(0.035), loneliness(0.035), conscience(0.035)"
72,"Berith Holm to John Holm and Alma C. Wilson 1934.2.12",1934.02.12,"Berith Holm","star(0.060), nobody(0.056), seen(0.056), figure(0.055), maybe(0.042), plane(0.041), pleasant(0.035), 2-1934(0.034), knive(0.034), eleventh(0.034)"
73,"Laura Karlson to Alma C. Wilson 1935.1.8",1935.01.08,"Laura Karlson","hat(0.073), factory(0.049), chest(0.049), vest(0.049), costume(0.043), made(0.037), piece(0.035), face(0.032), skirt(0.032), kr(0.029)"
74,"Evelyn Holm to Grace Vilson 1935.3.3",1935.03.03,"Evelyn Holm","exams(0.110), cap(0.092), school(0.079), college(0.074), russ(0.074), students(0.064), artium(0.055), red(0.044), elementary(0.044), high(0.040)"
75,"Karla Krogstad to Alma C. Wilson 1935.4.14",1935.04.14,"Klara Korgstad","confirmation(0.031), jobs(0.030), grandmother(0.028), husband(0.027), 14-4(0.026), painted(0.026), papered(0.026), dining(0.026), hardships(0.026), concert(0.026)"
76,"Klara Krogstad to Alma C. Wilson 1937.12.31",1937.12.31,"Klara Krogstad","ahead(0.042), cleaning(0.037), radio(0.036), song(0.034), 31-12-37(0.031), applied(0.031), related(0.031), latters(0.031), church(0.031), hard(0.028)"
77,"Klara Krogstad to Alma C. Wilson 1938.10.29",1938.10.29,"Klara Krogstad","daughters(0.042), 29-10-38(0.041), goodday(0.041), fried(0.041), spicy(0.041), gravies(0.041), cleans(0.041), wringing(0.041), mama(0.041), talked(0.040)"
78,"Ola Holm to John Holm 1938.12.12",1938.12.12,"Ola Holm","heim(0.030), tr(0.029), photo(0.026), health(0.024), bible(0.023), rather(0.023), might(0.023), 12-12-38(0.023), notification(0.023), crude(0.023)"
79,"Axel Holm to Alma C. Wilson 1940.3.31",1940.03.31,"Axel Holm","bible(0.061), ulcer(0.048), ok(0.031), worse(0.026), die(0.026), shop(0.025), blood(0.025), 31-1940(0.024), investigation(0.024), duodenal(0.024)"
80,"Effie Holm to John Holm 1941.2.28",1941.02.28,"Olav Holm","brighter(0.050), sonja(0.033), 2-41(0.031), skate(0.031), approaches(0.031), happenings(0.031), rationing(0.031), wrinkled(0.031), sleeves(0.031), conrad(0.027)"
81,"Odd Conrad Holm to John Holm 1941.3.9",1941.03.09,"Odd Conrad Holm","casablanca(0.125), conrad(0.094), opportunity(0.083), 9-3-1941(0.071), ringul(0.071), konsulat(0.071), fransk(0.071), morrokko(0.071), afrika(0.071), 16-12-1918(0.062)"
82,"Odd Conrad Holm to John Holm 1941.5.5",1941.05.05,"Odd Conrad Holm","states(0.052), conrad(0.043), visited(0.034), safi-africa(0.033), entry(0.033), visa(0.033), mistakes(0.033), konsulet(0.033), morocco(0.033), uncle(0.030)"
83,"Odd Conrad Holm to Grace Wilson 1941.5.28",1941.05.28,"Odd Conrad Holm","aletter(0.065), language(0.039), land(0.037), agreat(0.032), april-41(0.032), alot(0.032), answered(0.032), imediately(0.032), altogether(0.032), afull(0.032)"
84,"Odd Conrad Holm to Grace Wilson 1944.11.4",1944.11.04,"Odd Conrad Holm","port(0.049), york(0.042), american(0.039), interesting(0.038), job(0.037), 4-41(0.028), consentration(0.028), oran(0.028), desert(0.028), navy(0.028)"
85,"Ola Holm to Alma C. Wilson 1945.8.22",1945.08.22,"Ola Holm","thats(0.062), rec(0.045), relations(0.045), p(0.042), se(0.039), dont(0.039), glad(0.033), bread(0.027), ble(0.026), larged(0.026)"
86,"Ola Holm to Alma C. Wilson 1945.6.4",1945.06.04,"Ola Holm","geting(0.056), adrs(0.037), june(0.033), overcoat(0.032), gay(0.025), wheter(0.025), punished(0.025), runned(0.025), measure(0.025), blank(0.025)"
87,"Ola Holm to John Holm 1945.7.8",1945.07.08,"Ola Holm","soliers(0.072), geting(0.054), juli(0.036), 8th-45(0.036), allready(0.036), worlds(0.036), broad-caster(0.036), sawingmachin(0.036), secondhanded(0.036), useable(0.036)"
88,"Axel Holm to John Holm 1945.7.29",1945.06.29,"Axel Holm","falstad(0.045), kårkal(0.037), tuberculosis(0.036), german(0.034), 1943(0.033), gestapo(0.033), freed(0.033), sweden(0.032), august(0.031), 44(0.030)"
89,"Klara Krogstad to Alma C. Wilson 1945.7.23",1945.07.23,"Klara Korgstad","jubilation(0.040), knut-ros(0.040), englishman(0.035), song(0.033), raid(0.032), sirens(0.032), oldest(0.029), disease(0.026), mary(0.026), 23(0.024)"
90,"Ola Holm to Alma C. Wilson 1945.7.30",1945.07.30,"Ola Holm","nt(0.063), intrest(0.042), stoff(0.042), betsina(0.037), alittle(0.037), shirts(0.036), em(0.034), ever(0.032), relation(0.031), geting(0.031)"
91,"Odd Conrad Holm to Grace Wilson 1945.7.10",1945.07.10,"Odd Conrad Holm","mediterranean(0.079), quiete(0.079), thankfull(0.079), 7th(0.051), dated(0.043), voyage(0.040), italian(0.040), brindizi(0.040), censore(0.040), v-e(0.040)"
92,"Ola Holm to John Holm 1945.8.13",1945.08.13,"Ola Holm","parcels(0.054), women(0.052), journal(0.043), silk(0.034), mentioned(0.030), 13-8-45(0.027), missus(0.027), fiddles(0.027), stomping(0.027), sweating(0.027)"
93,"Florence Winters to Alma C. Wilson Card 1945.8.14",1945.08.14,"Florence Winters","shirts(0.129), mon(0.115), rice(0.115), ans(0.115), rec(0.100), tea(0.100), etc(0.095), sizes(0.092), dried(0.092), fruits(0.086)"
94,"Ola Holm to John Holm 1945.9.1",1945.09.01,"Ola Holm","en(0.061), spoilt(0.049), coat(0.048), interested(0.034), ola(0.033), 1-1945(0.031), deeds(0.031), favourite(0.031), chased(0.031), vel(0.031)"
95,"Berith Holm and Ola Holm to John Holm 1945.9.1",1945.09.01,"Berith Holm","leaving(0.068), glad(0.043), jacket(0.039), healthy(0.034), 9-45(0.034), bearskin(0.034), pliers(0.034), wrench(0.034), harry(0.034), treating(0.034)"
96,"Laura Karlson to John Holm 1945.9.10",1945.09.10,"Laura Karlson","mindor(0.040), kin(0.037), nor(0.034), 9-1945(0.031), long-lasting(0.031), prison(0.031), lastly(0.031), americ(0.031), stjørdal(0.030), sons(0.030)"
97,"Evelyn Holm to Grace Wilson 1945.9.28",1945.09.28,"Evelyn Holm","able(0.035), lucky(0.033), 28-9-45(0.032), finger(0.032), fiancee(0.032), pleuricy(0.032), slowly(0.032), count(0.032), wasted(0.032), overworked(0.032)"
98,"Ola Holm to John Holm 1945.10.8",1945.10.08,"Ola Holm","8-10-45(0.044), intereting(0.044), øien(0.044), fanny(0.044), separately(0.038), mentioning(0.038), caused(0.038), judd(0.038), radioes(0.038), heim(0.038)"
99,"Klara Krogstad to Alma C. Wilson 1945.10.29",1945.10.29,"Klara Krogstad","wears(0.043), mary(0.035), november(0.032), medication(0.027), menopause(0.027), lean(0.027), invitation(0.027), sleepy(0.027), talked(0.027), turns(0.025)"
100,"Laura Karlsson to Alma C. Wilson 1945.10.10",1945.10.10,"Laura Karlsson","milk(0.027), soles(0.024), mindor(0.023), coat(0.021), thousand(0.019), pants(0.018), black(0.018), office(0.016), post(0.016), package(0.015)"
101,"Ola Holm to Alma C. Wilson Card 1945.12",1945.12,"Ola Holm","wished(0.593), merry(0.445), ole(0.302), happy(0.255), yours(0.219), christmas(0.189)"
102,"Axel Holm to Alma C. Wilson 1945.10.25",1945.10.25,"Axel Holm","lamb(0.060), cabbage(0.060), military(0.041), 25-10-45(0.037), hassle(0.037), 250(0.037), braves(0.037), får(0.037), kål(0.037), consists(0.037)"
103,"Edvard Eidum to John Holm 1945.11.23",1945.11.23,"Edvard Eidum","sunk(0.040), iver(0.032), ships(0.030), shot(0.030), savior(0.030), god(0.029), broke(0.027), town(0.027), past(0.025), half(0.023)"
106,"Siri Lawson Cover Letter 2000",2000.11,"Siri Lawson","spelling(0.091), originals(0.085), punctuation(0.073), correct(0.069), commas(0.064), periods(0.064), style(0.055), stamps(0.049), grammar(0.049), censorship(0.049)"
107,"Siri Lawson 2nd Cover Letter 2000.11.5",2000.11.05,"Siri Lawson","letters(0.084), y(0.063), periods(0.046), sentences(0.046), translations(0.046), communication(0.046), j(0.042), generation(0.037), information(0.034), written(0.032)"
108,"Edvard Eidum to John Holm 1946.1.13",1946.01.13,"Edvard Eidum","god(0.046), hearts(0.032), hanna(0.029), without(0.028), close(0.025), 1-1946(0.024), fill(0.024), tested(0.024), balsatree(0.024), sparrow(0.024)"
109,"Herborg Holm to Alma C. Wilson 1946.1.17",1946.01.17,"Herborg Holm","father(0.022), christmas(0.020), shoes(0.019), eilif(0.019), tree(0.018), parties(0.018), walk(0.018), paternal(0.017), astrid(0.017), party(0.017)"
110,"Olava Holm to Alma C. Wilson 1946.2.3",1946.02.03,"Olava Holm","ammerica(0.072), odd(0.062), johan(0.051), speak(0.042), uncertain(0.036), groom(0.036), ten(0.036), missed(0.036), tubercolosis(0.036), ugly(0.036)"
111,"Edvard Eidum to Alma C. Wilson 1946.2.4",1946.02.04,"Edvard Eidum","farmer(0.038), railroad(0.037), stoker(0.029), radioes(0.029), baltzer(0.027), changes(0.024), except(0.023), blacksmith(0.022), belong(0.022), press(0.017)"
112,"Edvard Eidum to John Holm 1946.2.6",1946.02.06,"Edvard Eidum","coveralls(0.039), fused(0.039), wonders(0.039), text(0.028), magazine(0.024), god(0.024), told(0.021), thousand(0.020), brave(0.020), riveted(0.020)"
113,"Jorun Holm to John Holm 1946.2.12",1946.02.12,"Jorun Holm","odd(0.066), officer(0.038), sandefjord(0.038), mother(0.029), oil(0.029), march(0.028), presently(0.026), radio(0.022), vilsen(0.019), captivity(0.019)"
114,"Edvard Eidum to John Holm 1946.2.15",1946.02.15,"Edvard Eidum","26th(0.032), daylight(0.030), package(0.026), psalm(0.023), sun(0.022), december(0.021), embarrassed(0.019), whilson(0.019), findmark(0.019), ingstadkleiva(0.019)"
115,"Laura Karlson to Alma C. Wilson 1946.2.15",1946.02.15,"Laura Karlson","skogn(0.040), jakobsen(0.038), mindor(0.038), aksel(0.022), photo(0.021), son(0.020), erling(0.020), daughters(0.020), name(0.019), grey(0.019)"
116,"Axel Holm to John Holm 1946.2.19",1946.02.19,"Axel Holm","negroes(0.040), pe(0.040), hegra(0.031), partly(0.030), mercy(0.027), hegre(0.024), named(0.024), jacket(0.023), saved(0.021), soled(0.020)"
117,"Klara Krogstad to John Holm 1946.2.24",1946.02.24,"Klara Krogstad","ma(0.062), sirens(0.057), turns(0.051), cleaning(0.043), bursting(0.036), twine(0.036), auntie(0.035), basement(0.031), mechanics(0.031), class(0.031)"
118,"Laura Karlson to John Holm 1946.3.24",1946.03.24,"Laura Karlson","helga(0.042), 3-46(0.040), unspeakably(0.040), lasts(0.040), hangs(0.040), recede(0.040), tablettes(0.040), system(0.040), mindor(0.040), real(0.036)"
119,"Herborg Holm to John Holm 1946.3.28",1946.03.28,"Herborg Holm","kårkaill(0.026), eilif(0.024), 180(0.023), cheerful(0.023), arne(0.022), tall(0.021), hegra(0.020), check(0.020), spirits(0.018), father(0.018)"
120,"Ola Holm to John Holm 1946.5.11",1946.05.11,"Ola Holm","shoes(0.048), american(0.035), copying(0.030), ee(0.030), edge(0.030), size(0.029), sheet(0.026), pair(0.022), copy(0.021), english(0.020)"
121,"Edvard Eidum to Alma C. Wilson 1946.6.9",1946.06.09,"Edvard Eidum","gusta(0.048), beautiful(0.028), dress(0.026), 7-1946(0.025), childre(0.025), lofoten(0.025), vacationing(0.025), undertake(0.025), favour(0.025), paradise(0.025)"
122,"Ola Holm to John Holm 1946.6.17",1946.06.17,"Ola Holm","local(0.029), writings(0.029), attention(0.029), guy(0.029), spirits(0.023), spot(0.023), warmly(0.020), expensive(0.017), 17-6-46(0.016), sululand(0.016)"
123,"Edvard Eidum to John Holm 1946.6.26",1946.06.28,"Edvard Eidum","sun(0.040), meet(0.035), 6-1946(0.025), virulent(0.025), rivet(0.025), medical(0.025), parted(0.025), telegrams(0.025), tuberculose(0.025), moses(0.025)"
124,"Ola Holm to John Holm 1946.6.22",1946.06.22,"Ola Holm","22-46(0.046), cookin(0.046), jog(0.046), trot(0.046), lazy(0.046), priceless(0.046), plugs(0.046), switches(0.046), someday(0.046), prospects(0.046)"
125,"Herborg Holm to Alma C. Wilson 1946.6.29",1946.06.29,"Herborg Holm","feet(0.036), 6(0.028), 92(0.027), james(0.023), father(0.021), june(0.020), cm(0.020), aunt(0.017), tall(0.016), mountain(0.016)"
126,"Ola Holm to John Holm 1946.7.14",1946.07.14,"Ola Holm","prices(0.038), regard(0.034), nobody(0.034), travel(0.034), 14-7-46(0.031), hearted(0.031), vacations(0.031), everyday(0.031), hullabaloo(0.027), wrenches(0.027)"
127,"Klara Krogstad to John Holm 1946.7.14",1946.07.14,"Klara Krogstad","mary(0.038), used(0.034), side(0.032), using(0.031), sluppen(0.030), farbror(0.030), fatherbrother(0.030), exception(0.030), maternal(0.030), mothermother(0.030)"
128,"Ola Holm to John Holm 1946.7.27",1946.07.27,"Ola Holm","travel(0.060), narrow(0.049), shoes(0.046), nobody(0.040), pleasure(0.039), 27-46(0.036), somewhere(0.036), difficults(0.036), profits(0.036), toki(0.036)"
129,"Laura Karlson to John Holm 1946.8.2",1946.08.02,"Laura Karlson","beret(0.109), sore(0.055), headache(0.055), relatives(0.048), 8-1946(0.047), jorun(0.047), include(0.044), comfortable(0.042), 70th(0.042), pleased(0.040)"
130,"Edvard Eidum to John Holm 1946.8.14",1946.08.14,"Edvard Eidum","ring(0.078), parents(0.049), watch(0.044), opened(0.036), knives(0.036), gotten(0.034), packages(0.028), named(0.025), everything(0.024), aksel(0.024)"
131,"Klara Krogstad to John Holm 1946.8.25",1946.08.25,"Klara Krogstad","grade(0.087), school(0.067), 7th(0.060), daughter(0.048), fare(0.047), goind(0.047), 95th(0.047), overkott(0.047), 25th(0.041), obligatory(0.041)"
132,"Axel Holm to John Holm 1946.8.29",1946.08.29,"Axel Holm","korn(0.076), wheat(0.066), ripening(0.038), mais(0.038), grain(0.038), outing(0.038), flora(0.038), neighbouring(0.038), cranberry(0.038), romsjø(0.038)"
133,"Ola Holm to John Holm 1946.8.30",1946.08.30,"Ola Holm","materials(0.038), nothing(0.037), prices(0.036), earn(0.035), pipestone(0.029), luvern(0.029), outlook(0.029), vassals(0.029), exorbitant(0.029), 54(0.029)"
134,"Herborg Holm to John Holm 1946.9.5",1946.09.05,"Herborg Holm","pair(0.038), leather(0.032), shoes(0.024), slippers(0.022), swelled(0.022), trollhetta(0.022), tokens(0.022), cabins(0.019), rocks(0.019), trampled(0.019)"
135,"Gusta Eidum to John Holm 1946.9.5",1946.09.05,"Gusta Eidum","unsure(0.049), uncle(0.046), 5-9-46(0.043), toiling(0.043), hardest(0.039), problem(0.039), sister(0.034), find(0.033), reward(0.032), clothes(0.030)"
136,"Laura Karlson to John Holm 1946.9.10",1946.09.10,"Laura Karlson","beg(0.044), mindor(0.033), 10-9-46(0.025), needing(0.025), aparatuses(0.025), razor(0.025), costumes(0.025), cooking(0.025), greis(0.025), youre(0.025)"
137,"Herborg Holm to John Holm Stamped 1946.7.20",1946.07.20,"Herborg Holm","slippers(0.115), slips(0.099), towels(0.085), pr(0.085), trollheimen(0.080), shake(0.057), toweling(0.057), fit(0.051), sweater(0.050), ties(0.050)"
138,"Ola Holm to John Holm 1946.10.21",1946.10.21,"Ola Holm","plane(0.032), hers(0.031), packages(0.027), nothing(0.027), 21-10-46(0.027), alterations(0.027), robbing(0.027), prosperity(0.027), connections(0.027), packed(0.027)"
139,"Klara Krogstad to Alma C. Wilson 1946.10.26",1946.10.26,"Klara Krogstad","ha(0.029), daughter(0.028), svenn(0.026), apartment(0.025), jon(0.020), husband(0.019), lucky(0.019), 10-11(0.018), levangernesset(0.018), paul(0.018)"
140,"Edvard Eidum to John Holm 1946.11.7",1946.11.07,"Edvard Eidum","memories(0.030), itself(0.030), prayer(0.027), youth(0.025), widow(0.021), 11-1946(0.021), hight(0.021), affected(0.021), annihilated(0.021), removed(0.021)"
141,"Herborg Holm to John Holm 1946.10.30",1946.10.30,"Herborg Holm","shoes(0.046), blouse(0.037), turtle(0.036), hotsy(0.036), totsy(0.036), london(0.029), bet(0.027), heels(0.026), 1(0.025), wood(0.024)"
142,"Axel Holm to John Holm 1946.11.24",1946.11.24,"Axel Holm","watch(0.057), shaving(0.053), sødderman(0.053), thoughts(0.053), kg(0.043), 1(0.030), helge(0.029), christmas(0.027), trousers(0.027), blouses(0.027)"
143,"Ola Holm to John Holm 1946.11.29",1946.11.29,"Ola Holm","dress(0.070), 29-11-46(0.067), congestion(0.067), respiratory(0.067), vests(0.067), energy(0.067), suit(0.067), difficulty(0.059), cough(0.059), headache(0.059)"
144,"Herborg Holm to John Holm 1946.11.29",1946.11.29,"Herborg Holm","feet(0.036), 6(0.028), 92(0.027), james(0.023), father(0.021), june(0.020), cm(0.020), aunt(0.017), tall(0.016), mountain(0.016)"
145,"Klara Krogstad to John Holm 1946.12.1",1946.12.01,"Klara Krogstad","ha(0.048), steady(0.042), pension(0.042), railroads(0.036), thread(0.032), erling(0.031), sluppen(0.030), greatly(0.030), indebted(0.030), chicken(0.030)"
146,"Laura Karlson to John Holm 1946.12.12",1946.12.12,"Laura Karlson","marvelous(0.088), preparing(0.070), galoshes(0.059), thousand(0.045), christmas(0.045), 12-1946(0.044), tha(0.044), merry(0.043), fit(0.039), sheet(0.038)"
147,"Herborg Holm to John Holm 1946.12.28",1946.12.28,"Herborg Holm","christmas(0.050), tree(0.035), mittens(0.032), baking(0.026), selbu(0.023), parties(0.023), hand(0.020), father(0.019), yearly(0.019), flowery(0.019)"
148,"Ola Holm to John Holm 1947.1.4",1947.01.04,"Ola Holm","trønder(0.049), wear(0.029), 4-7-47(0.028), 6-7(0.028), winer(0.028), unhealthy(0.028), pacakge(0.028), summertime(0.028), bewitched(0.028), kapitalists(0.028)"
149,"Olava Holm to John Holm 1947.1.22",1947.01.22,"Olava Holm","dry(0.052), aksel(0.052), alters(0.045), dieing(0.045), peek(0.045), law(0.041), conrad(0.040), rained(0.039), kind(0.036), snowed(0.036)"
150,"Klara Krogstad to Alma C. Wilson 1947",1947,"Klara Krogstad","cm(0.102), boy(0.058), errand(0.052), strictly(0.052), 60th(0.052), 110(0.052), 115(0.052), waist(0.052), mittens(0.046), pattern(0.046)"
151,"Ola Holm to John Holm 1947.2.4",1947.02.04,"Ola Holm","4-2-47(0.050), fiddling(0.050), spunky(0.050), winter(0.049), tailor(0.044), larger(0.044), sandstorms(0.044), sunshine(0.044), summer(0.043), rest(0.040)"
152,"Laura Karlson to John Holm 1947.2.4",1947.02.04,"Laura Karlson","sometime(0.051), aksel(0.049), 2-1947(0.043), unluckiest(0.043), slacking(0.043), postcards(0.043), mindor(0.042), caring(0.037), humor(0.034), 65(0.032)"
153,"Gusta Eidum to John Holm 1947.3.9",1947.03.09,"Gusta Eidum","knife(0.065), uncle(0.053), tournament(0.048), hundreds(0.048), 9-3-47(0.042), souvenir(0.042), helps(0.042), sacrificed(0.042), tank(0.042), sport(0.038)"
154,"Gusta Eidum to Alma C. Wilson 1947.4",1947.04,"Gusta Eidum","looked(0.049), cousin(0.046), tops(0.038), anthem(0.038), norske(0.038), mand(0.038), hus(0.038), hytte(0.038), takk(0.038), din(0.038)"
155,"Herborg Holm to John Holm 1947.3.21",1947.03.21,"Herborg Holm","raincoat(0.032), curious(0.026), box(0.025), pot(0.024), pudding(0.024), husbands(0.024), laugh(0.019), ha-ha(0.019), worries(0.019), father(0.019)"
156,"Edvard Eidum to John Holm 1947.4.9",1947.04.09,"Edvard Eidum","ore(0.071), victory(0.033), ships(0.031), easter(0.028), pain(0.027), likewise(0.026), top(0.023), water(0.023), 4-1947(0.021), weighing(0.021)"
157,"Klara Krogstad to Alma C. Wilson 1947.4.19",1947.04.19,"Klara Krogstad","kolstad(0.086), april(0.052), floss(0.047), inger(0.047), 24(0.046), announcement(0.043), fiance(0.043), yarn(0.040), lady(0.031), meantime(0.027)"
158,"Herborg Holm to John Holm 1947.5.20",1947.05.20,"Herborg Holm","kr(0.034), rate(0.021), arm(0.021), inger(0.019), fun(0.017), ivar(0.017), dollar(0.016), watch(0.015), johan(0.015), worth(0.014)"
159,"Laura Karlson to John Holm 1947.5.20",1947.05.20,"Laura Karlson","handle(0.044), everybody(0.042), bothered(0.041), 5-1947(0.040), stove(0.040), lye(0.040), proverb(0.040), desirable(0.040), mindor(0.040), arthritis(0.039)"
160,"Axel Holm to John Holm 1947.5.20",1947.05.20,"Axel Holm","ragnhild(0.094), trøite(0.074), joneta(0.034), jonetta(0.034), olsson(0.034), lars(0.034), meet(0.030), dept(0.029), ole(0.028), ev(0.027)"
161,"Sonja Bakken to John Holm 1947.6.10",1947.06.10,"Sonja Bakken","trondheim(0.047), sonja(0.046), husband(0.045), domkirke(0.043), personal(0.043), concerts(0.043), klostergaten(0.043), 36a(0.043), receiving(0.038), widower(0.038)"
162,"Evelyn Holm to John Holm 1947.6.10",1947.06.10,"Evelyn Holm","father(0.043), wears(0.041), suits(0.036), strangers(0.034), america(0.032), brought(0.032), three(0.030), asking(0.030), sonja(0.027), 10-6-47(0.025)"
163,"Herborg Holm to John Holm 1947.7.1",1947.07.01,"Herborg Holm","exchanged(0.055), biking(0.029), banks(0.024), tent(0.024), pulling(0.024), weeds(0.024), firewood(0.022), money(0.020), uncle(0.019), blanket(0.019)"
164,"Edvard Eidum to Alma C. Wilson 1947.7.27",1947.07.27,"Edvard Eidum","hilma(0.034), strangers(0.032), hers(0.028), therefore(0.025), visited(0.025), sjomm(0.024), estimated(0.024), 2450(0.024), temperament(0.024), intimacy(0.024)"
165,"Edvard Eidum to John Holm 1947.7.27",1947.07.27,"Edvard Eidum","exchanged(0.040), rest(0.032), fristad(0.026), joshua(0.026), chapter(0.026), hanna(0.026), gusta(0.026), sword(0.023), palm(0.023), away(0.023)"
166,"Laura Karlson to John Holm 1947.7.29",1947.07.29,"Laura Karlson","almas(0.056), edevart(0.049), 7-1947(0.045), aksel(0.043), firewood(0.042), 34(0.042), steady(0.040), headaches(0.040), mindor(0.037), 29(0.034)"
167,"Ola Holm to John Holm 1947.7.30",1947.07.30,"Ola Holm","ink(0.112), goat(0.074), satisfied(0.053), lakselvbukt(0.037), ball(0.037), wells(0.037), 1955(0.037), solitude(0.037), hustle(0.037), bustle(0.037)"
168,"Evelyn Holm to John Holm 1947.7.31-8.1",1947.07.31,"Evelyn Holm","jon(0.035), vacation(0.027), money(0.022), envelope(0.021), north(0.021), evelyn(0.019), made(0.018), started(0.018), dated(0.017), august(0.017)"
169,"Klara Krogstad to John Holm 1947.8.7",1947.08.07,"Klara Krogstad","unwell(0.049), solheim(0.029), 7-8-47(0.029), pouring(0.029), ordinarily(0.029), crippled(0.029), miles(0.028), uncle(0.027), americans(0.026), 95(0.026)"
170,"Laura Karlson to John Holm 1947.8.13",1947.08.13,"Laura Karlson","kr(0.056), firewood(0.052), bought(0.040), aksel(0.040), 8-1947(0.035), wallet(0.035), waste(0.035), modest(0.035), lights(0.035), cooker(0.035)"
171,"Sonja Bakken to John Holm 1947.8.17",1947.08.17,"Sonja Bakken","lap(0.071), newspapers(0.053), belong(0.046), age(0.044), feels(0.044), saved(0.037), pastor(0.035), recognized(0.035), surrounded(0.035), crowded(0.035)"
172,"Evelyn Holm to Alma C. Wilson 1947.9.2",1947.09.02,"Evelyn Holm","car(0.068), n(0.039), together(0.036), u(0.031), hankerchief(0.030), pointless(0.030), tag(0.030), sør(0.030), herbert(0.030), helgesen(0.030)"
173,"Evelyn Holm to Grace A. Wilson 1947.9.2",1947.09.02,"Evelyn Holm","woven(0.062), thousind(0.031), hanchief(0.031), hankchef(0.031), ofcourse(0.031), lungs(0.031), wartime(0.031), pleurisy(0.031), reed(0.031), toobad(0.031)"
174,"Klara Krogstad to John Holm 1947.9.7",1947.09.07,"Klara Krogstad","jon(0.090), pilot(0.054), fingers(0.054), poles(0.054), swollen(0.054), stiff(0.054), determines(0.054), arthritis(0.053), inherit(0.048), neighborhood(0.048)"
175,"Evelyn Holm to John Holm 1947.9.15",1947.09.15,"Evelyn Holm","helga(0.031), writes(0.030), 9-47(0.030), greetngs(0.030), wowen(0.030), skis(0.030), auntie(0.029), arthritis(0.029), 15(0.026), collect(0.026)"
176,"Edvard Eidum to John Holm 1947.9.21",1947.09.21,"Edvard Eidum","signs(0.042), partly(0.036), hanna(0.035), visitors(0.029), regard(0.027), 9-1947(0.024), serving(0.024), edges(0.024), srange(0.024), upheld(0.024)"
177,"Herborg Holm to John Holm Card 1947 Summer",1947,"Herborg Holm","miles(0.184), østersund(0.152), tent(0.152), beautiful(0.143), sleep(0.123), 27(0.118), bike(0.107), sweden(0.082), wonderful(0.079), together(0.075)"
178,"Herborg Holm to John Holm 1947.9.24",1947.09.24,"Herborg Holm","dollar(0.035), notes(0.031), østersund(0.028), exchanged(0.026), kroner(0.026), -(0.024), ø(0.023), precipitous(0.023), dressed(0.020), etc(0.019)"
179,"Laura Karlson to John Holm 1947.10.4",1947.10.04,"Laura Karlson","potato(0.086), short(0.054), potatoes(0.052), 10-1947(0.049), ruin(0.049), almost(0.048), hire(0.043), various(0.042), strange(0.039), farmers(0.039)"
180,"Klara Krogstad to John Holm 1947.10.12",1947.10.12,"Klara Krogstad","dinner(0.066), cut(0.062), potatoes(0.057), prepare(0.053), accidentally(0.053), ride(0.047), apricots(0.047), guessed(0.047), washing(0.043), photographer(0.043)"
181,"Evelyn Holm to Alma C. Wilson",1947.10.15,"Evelyn Holm","berith(0.057), grace(0.044), 15-10-47(0.040), charming(0.040), pet(0.040), norwegian-americans(0.040), married(0.040), occasions(0.035), postponed(0.035), princess(0.035)"
182,"Edvard Eidum to Alma C. Wilson 1947.10.31",1947.10.31,"Edvard Eidum","lyder(0.034), words(0.030), ship(0.029), 68(0.025), english(0.024), harsh(0.024), baltimore(0.024), baltimar(0.024), fotos(0.024), birth-day(0.024)"
183,"Evelyn Holm to Alma C. Wilson 1947.11.20",1947.11.20,"Evelyn Holm","bedspread(0.064), something(0.045), 20-11-47(0.040), token(0.040), factories(0.040), pink(0.040), desperate(0.040), undersand(0.040), impudent(0.040), beddspredd(0.040)"
184,"Edvard Eidum to Alma C. Wilson 1947.12.4",1947.12.04,"Edvard Eidum","den(0.262), sovende(0.262), dronning(0.262), range(0.262), natural(0.262), phenomena(0.262), 4-12-47(0.262), mountain(0.133), merry(0.127), narvik(0.121)"
185,"Herborg Holm to Alma C. Wilson 1947.12.7",1947.12.07,"Herborg Holm","cake(0.079), cream(0.056), christmas(0.046), brewed(0.037), ribs(0.037), hoarding(0.037), whipped(0.037), etc(0.031), goods(0.031), polished(0.030)"
186,"Effie Holm to Alma C. Wilson 1947.12.14",1947.12.14,"Effie Holm","fornebu(0.091), switchboard(0.057), room(0.050), lufthavn(0.050), heim(0.049), tr(0.047), activity(0.045), traffic(0.045), effie(0.042), oslo(0.041)"
187,"Effie Holm to John Holm 1947.12.14",1947.12.14,"Effie Holm","effie(0.040), tree(0.033), 10-12-47(0.027), collects(0.027), starving(0.027), besten(0.027), lovely(0.026), outside(0.025), sisters(0.024), 12-47(0.023)"
188,"Ola Holm to Alma C. Wilson Card 1947.12.15",1947.12.15,"Ola Holm","whats(0.275), florences(0.275), adres(0.275), xmas(0.240), happines(0.240), 47(0.171), niece(0.171), folks(0.171), dec(0.147), joy(0.133)"
189,"Edvart Søberg to John Holm 1947.12.21",1947.12.21,"Edvart Søberg","du(0.134), bus(0.089), english(0.081), edvart(0.072), school(0.064), 21-12-47(0.060), spek(0.060), native(0.060), winter-day(0.060), lorry(0.060)"
190,"Klara Krogstad to Alma C. Wilson 1947.12.28",1947.12.28,"Klara Krogstad","hold(0.047), aunt(0.039), 18-12(0.035), ears(0.035), bothers(0.035), existence(0.035), picky(0.035), complicated(0.035), kettle(0.035), church(0.034)"
191,"Axel Holm to Alma C. Wilson",1948 (?),"Axel Holm","memory(0.189), met(0.179), newspapers(0.171), greeted(0.143), lord(0.131), helga(0.120), find(0.115), sending(0.102), johan(0.097), words(0.086)"
192,"Information Found in a Bible Undated",Unknown,"Unknown","buried(0.157), born(0.125), northwood(0.111), 2-1910(0.111), 4-1910(0.111), february(0.104), iowa(0.089), oct(0.069), hegre(0.067), page(0.065)"
193,"Conrad Lauritz Holm Death Obituary 1943",1943,"Unknown","hegra(0.148), temperance(0.138), store(0.098), merchan(0.069), lundgren(0.069), 1900(0.069), firm(0.069), a-s(0.069), schwer(0.069), samvirkelag(0.069)"
195,"Edvard Eidum Card with Psalm Undated",Unknown,"Edvard Eidum","basically(0.344), joys(0.344), verses(0.301), sorrows(0.301), quietly(0.275), comfort(0.243), help(0.218), share(0.214), using(0.179), needed(0.175)"
196,"Old Song Undated",Unknown,"Unknown","song(0.079), escapes(0.072), paris(0.072), enlists(0.072), thigh(0.072), invalid(0.072), beggar(0.072), incomplete(0.072), evansville(0.072), douglas(0.072)"
197,"Miranda to Alma C. Wilson and Grace Wilson 1946",1946,"Unknown","im(0.070), ports(0.048), mom(0.042), pal(0.032), wks(0.032), maby(0.032), ill(0.027), ha(0.026), ever(0.025), sure(0.024)"
198,"Funeral of Johan Øyan Undated",Unknown,"Unknown","translation(4.403)"
199,"Mrs. Hall to Karoline Holm Undated",Unknown,"Unknown","animia(0.485), onamia(0.324), minn(0.259), -(0.168), roads(0.162), hall(0.162), 2011(0.162), corrected(0.162), tror(0.162), er(0.162)"
200,"Ola Holm to Alma C. Wilson Undated",Unknown,"Ola Holm","calender(0.393), bert(0.393), chickengarden(0.393), bunch(0.294), thanks(0.156), ole(0.129), greet(0.109), uncle(0.073), fine(0.067), write(0.039)"
201,"Ola Holm 85th Birthday Clipping 1963",1963,"Unknown","caves(0.159), repair(0.075), later(0.063), dakota(0.058), places(0.056), kongens(0.053), gate(0.053), 93(0.053), 85(0.053), indian(0.053)"
202,"Einar Holm to John Holm 1948.1.4",1948.01.04,"Einar Holm","helge(0.075), 1945(0.048), forces(0.048), toys(0.041), sweden(0.035), military(0.030), 28th(0.027), friberg(0.027), coal(0.027), storlia(0.027)"
203,"Edvard Eidum to Alma C. Wilson 1948.1.10",1948.01.10,"Edvard Eidum","russian(0.082), greenland(0.055), fight(0.048), nations(0.048), nation(0.048), war(0.032), worse(0.030), nor(0.030), quietest(0.027), conclusion(0.027)"
204,"Ola Holm to John Holm 1948.1.16",1948.01.16,"Ola Holm","god(0.065), side(0.059), jan(0.055), bless(0.049), pens(0.047), mine(0.046), evelyn(0.044), 16-48(0.043), strength(0.043), glory(0.043)"
205,"Effie Holm to Jon Holm 1948.1.16",1948.01.16,"Effie Holm","bookmark(0.081), central(0.081), lovely(0.068), paid(0.056), 16-1-48(0.047), heating(0.047), uncle(0.043), uncles(0.041), journey(0.041), eachother(0.040)"
206,"Edvard Eidum to John Holm 1948.1.13",1948.01.13,"Edvard Eidum","california(0.049), gudrund(0.046), evjen(0.046), born(0.043), dakota(0.038), edvard(0.036), lived(0.033), mentions(0.031), bergljot(0.030), iver(0.027)"
207,"Axel Holm to Alma C. Wilson 1948.1.20",1948.01.20,"Axel Holm","bridegroom(0.072), build(0.034), mission(0.033), china(0.030), lord(0.027), customs(0.026), jesus(0.025), blood(0.025), 20-1-48(0.024), sinner(0.024)"
208,"Sonja Bakken to John Holm 1948.1.27",1948.01.27,"Sonja Bakken","sonja(0.098), verse(0.098), quote(0.061), cloudy(0.061), grieve(0.061), uneasy(0.061), peace(0.057), sing(0.053), midst(0.053), blessed(0.053)"
209,"Evelyn Fiskvik 1948.1.25",1948.01.25,"Evelyn Fiskvik","jon(0.069), 1-48(0.055), hospital(0.043), runner(0.043), evelyn(0.039), table(0.036), uncle(0.035), 25(0.035), spruces(0.032), planted(0.032)"
210,"Laura Karlson to Alma C. Wilson 1948.2.1",1948.02.01,"Laura Karlson","foreign(0.089), die(0.051), seek(0.048), importance(0.048), ours(0.043), 2-1948(0.042), convey(0.042), attack(0.042), condolences(0.038), fortune(0.038)"
211,"Ola Holm to Alma C. Wilson 1948.2.14",1948.02.14,"Ola Holm","warmest(0.070), 14-2-47(0.060), waited(0.053), jasper(0.048), journal(0.048), passing(0.048), week(0.045), problems(0.045), addrs(0.045), 48(0.043)"
212,"Olaf Holm to John Holm 1948.1.25",1948.01.25,"Olaf Holm","church(0.077), bergen(0.055), nesttun(0.044), seat(0.044), climate(0.044), main(0.039), family(0.034), acquaintances(0.033), olaf(0.032), christ(0.030)"
213,"Edvard Eidum to Alma C. Wilson 1948.2.24",1948.02.24,"Edvard Eidum","dollars(0.068), sum(0.050), 100(0.050), axel(0.043), toil(0.039), february-1948(0.029), understands(0.029), interfering(0.029), accepted(0.029), beneficence(0.029)"
214,"Ola Holm to Karoline Holm 1948.3.9",1948.03.09,"Ola Holm","statement(0.061), enclosed(0.038), bank(0.036), witnesses(0.036), deposited(0.032), axel(0.031), dak(0.027), copy(0.026), norges(0.026), money(0.025)"
215,"Stjørdalens Sparebank to Karoline Holm 1948.3.23",1948.03.23,"Stjørdalens Sparebank","signature(0.101), account(0.095), stjørdalens(0.089), norges(0.089), sparebank(0.079), inquire(0.063), disposal(0.063), consent(0.063), regulation(0.063), application(0.063)"
216,"Edvard Eidum to Alma C. Wilson 1948.2.17",1948.02.17,"Edvard Eidum","ore(0.038), understood(0.035), helped(0.034), aksel(0.032), fact(0.029), farewell(0.028), beyond(0.028), whoever(0.028), john(0.028), talk(0.026)"
217,"Evelyn Fiskvik to Alma C. Wilson",1948.03.11,"Evelyn Fiskvik","cake(0.085), tower(0.072), band(0.048), paste(0.048), wedding(0.045), brass(0.042), jon(0.040), played(0.038), ring(0.036), church(0.036)"
218,"Edvard Eidum to Alma C. Wilson",1948.03.23,"Edvard Eidum","golden(0.043), grandchildren(0.042), anniversary(0.041), married(0.030), olav(0.022), couple(0.022), hanna(0.022), hilma(0.021), eidum(0.020), completely(0.020)"
219,"Klara Krogstad to Alma C. Wilson 1948.3.30",1948.03.30,"Klara Krogstad","easter(0.117), drafted(0.058), sunny(0.058), extent(0.051), youngsters(0.051), surprises(0.046), tense(0.046), pressure(0.046), holidays(0.046), handsome(0.043)"
220,"Ola Holm to Alma C. Wilson 1948.12.18",1948.12.18,"Ola Holm","landstad(0.344), poem(0.301), p(0.275), bereth(0.257), text(0.243), psalm(0.214), wilson(0.179), card(0.175), merry(0.167), mrs(0.151)"
221,"Edvart Søberg to Alma C. Wilson 1948.4.11",1948.04.11,"Edvart Søberg","marshes(0.085), lake(0.060), mountain(0.058), arlene(0.057), seagulls(0.057), peat(0.057), dictionary(0.057), moss(0.050), property(0.042), green(0.040)"
222,"Herborg Holm to Alma C. Wilson 1948.4.2",1948.04.02,"Herborg Holm","johan(0.025), told(0.024), coffin(0.022), coffins(0.022), father(0.021), withdrawing(0.019), equally(0.018), j(0.018), wrote(0.017), james(0.016)"
223,"Laura Karlson to Alma C. Wilson 1948.4.5",1948.04.05,"Laura Karlson","darning(0.052), humankind(0.030), healthwise(0.030), manage(0.029), peace(0.028), every(0.026), 4-1948(0.026), rent(0.024), fix(0.024), distribute(0.024)"
224,"Axel Holm to Alma C. Wilson 1948.4.20",1948.04.20,"Axel Holm","estate(0.218), entitled(0.196), inheritance(0.079), 05(0.079), statement(0.076), øre(0.073), 20-4-1948(0.056), retains(0.056), undivided(0.056), possession(0.056)"
225,"Edvard Eidum to Alma C. Wilson 1948.4.29",1948.04.29,"Edvard Eidum","suspected(0.036), trickery(0.036), john(0.027), marie(0.025), shouldn(0.024), understood(0.023), cannot(0.022), nor(0.020), rather(0.018), fathom(0.018)"
226,"Klara Krogstad to Alma C. Wilson 1948.5",1948.05,"Klara Krogstad","boss(0.075), jon(0.062), 75(0.060), party(0.043), youngest(0.042), daughter(0.039), yard(0.038), 140(0.038), magnificent(0.038), carefully(0.038)"
227,"Gusta Eidum to Alma C. Wilson 1948.5.2",1948.05.02,"Gusta Eidum","aagoth(0.108), auntie(0.107), greta(0.070), 2-5-48(0.054), limping(0.054), break(0.043), personally(0.043), aunt(0.041), junior(0.038), greeting(0.034)"
228,"Axel Holm to Alma C. Wilson 1948.5.17",1948.05.17,"Axel Holm","statement(0.109), bank(0.065), whitsun(0.065), fortune(0.052), sign(0.044), public(0.044), 17(0.037), right(0.036), case(0.034), -1948(0.032)"
229,"Edvard Eidum to Alma C. Wilson 1948.6.19",1948.06.19,"Edvard Eidum","tool(0.039), dot(0.026), patterns(0.026), secret(0.021), gretha(0.021), money(0.021), olav(0.019), sorted(0.018), idea(0.018), clever(0.018)"
230,"Karen Austvoll to Christiana Wilson 1948.6.20",1948.06.20,"Karen Austvoll","wheel(0.196), itself(0.077), laziness(0.054), outline(0.054), pricking(0.054), wheels(0.054), patterns(0.048), tool(0.048), actual(0.048), shorter(0.048)"
231,"Edvard Eidum to Alma C. Wilson 1948.6.28",1948.06.28,"Edvard Eidum","especially(0.053), won(0.041), greta(0.040), school(0.033), clothing(0.033), 28-6-1948(0.031), alike(0.031), signatures(0.031), certifications(0.031), incomprehensible(0.031)"
232,"Edvard Eidum to Alma C. Wilson 1948.7.19",1948.07.19,"Edvard Eidum","gjertine(0.040), bank(0.037), olava(0.036), check(0.035), hanna(0.034), pension(0.033), evil(0.033), greta(0.030), kroner(0.025), told(0.025)"
233,"Klara Krogstad to Alma C. Wilson 1948.8.22",1948.08.22,"Klara Krogstad","boys(0.029), promised(0.023), mother(0.023), klara(0.021), jon(0.020), oldest(0.020), wear(0.019), rare(0.018), legal(0.018), 15-20(0.018)"
234,"Gretha Søberg to Alma C. Wilson 1948.9.6",1948.09.06,"Gretha Søberg","dad(0.214), martin(0.093), veggemo(0.076), mom(0.069), søberg(0.066), confirmed(0.057), 9-48(0.053), driving(0.053), petroleum(0.053), bjørgan(0.053)"
235,"Edvard Eidum to Alma C. Wilson 1948.10.28",1948.10.28,"Edvard Eidum","amount(0.045), kroner(0.036), doll(0.033), gjertine(0.029), nerves(0.027), divided(0.027), klara(0.026), johan(0.025), bit(0.025), heart(0.024)"
236,"Laura Karlson to Alma C. Wilson Card 1949.12.12",1949.12.12,"Laura Karlson","sometime(0.300), merry(0.243), mindor(0.165), happy(0.139), wish(0.121), sick(0.119), christmas(0.103), laura(0.072), write(0.050), ve(0.039)"
237,"Edvard Eidum to Alma C. Wilson Card 1948.11.23",1948.11.23,"Edvard Eidum","joyous(1.100), eidums(0.778), wishing(0.661), christmas(0.226), regards(0.219)"
238,"Herborg Holm to Alma C. Wilson Card 1948.11.24",1948.11.24,"Herborg Holm","24-11-48(0.145), carol(0.145), ankle(0.127), verse(0.116), irene(0.098), foot(0.094), ruth(0.094), broken(0.082), card(0.074), sons(0.072)"
239,"Laura Karlson to Alma C. Wilson 1948.12.19",1948.12.19,"Laura Karlson","12-1948(0.050), briefly(0.050), tempted(0.050), antenna(0.050), hardship(0.050), heads(0.050), mindor(0.050), ladder(0.044), floss(0.044), proper(0.044)"
240,"Edvard Eidum to Alma C. Wilson 1949.2.1",1949.02.01,"Edvard Eidum","storms(0.047), wars(0.035), everywhere(0.028), hospital(0.024), 2-1949(0.023), hurricane-like(0.023), wrecked(0.023), blown(0.023), cattle(0.023), tribulation(0.023)"
241,"Axel Holm to Alma C. Wilson 1949.11.27",1949.11.27,"Axel Holm","tray(0.067), working(0.039), 27-11-1949(0.034), 64th(0.034), rowed(0.034), herd(0.034), snowflakes(0.034), frozen(0.034), quickly(0.031), bell(0.029)"
242,"Edvard Eidum to Alma C. Wilson Card 1949.12",1949.12,"Edvard Eidum","edv(0.593), wishing(0.551), merry(0.445), happy(0.255), hanna(0.224), christmas(0.189)"
243,"Herborg Holm to Alma C. Wilson Card 1949.12.15",1949.12.15,"Herborg Holm","pig(0.092), christmas(0.063), cookies(0.054), merry(0.049), kitchen(0.048), clean(0.046), kinds(0.045), etc(0.042), 15-12-49(0.034), painting(0.034)"
244,"Larua Karlson to Alma C. Wilson 1949.12.29",1949.12.29,"Laura Karlson","fabric(0.061), handkerchief(0.055), office(0.047), why(0.042), therefore(0.041), 12-1949(0.039), annoying(0.039), realized(0.039), mindor(0.039), lost(0.036)"
245,"Edvard Eidum to Alma C. Wilson 1950.1.5",1950.01.05,"Edvard Eidum","heathen(0.041), christian(0.033), countries(0.031), information(0.026), gift(0.025), sell(0.025), edvard(0.021), 1-1950(0.020), burden(0.020), knocking(0.020)"
246,"Axel Holm to Alma C. Wilson 1950.1.20",1950.01.20,"Axel Holm","quotes(0.073), growing(0.047), psalm(0.045), 20-1-50(0.036), yearning(0.036), beam(0.036), darkness(0.036), stains(0.036), breaking(0.036), verb(0.036)"
247,"Axel Holm to Alma C. Wilson 1950.8.20",1950.08.20,"Axel Holm","1950(0.042), youth(0.038), rule(0.037), flowers(0.036), garden(0.025), lots(0.024), chapel(0.024), die(0.023), employ(0.021), consequently(0.021)"
248,"Hilma Lindgren to Alma C. Wilson 1952.5.20",1952.05.20,"Hilma Lindgren","yarn(0.052), body(0.037), elvegård(0.035), 5-52(0.035), secure(0.035), eczema(0.035), sensibly(0.035), comforting(0.035), jeweler(0.035), 76(0.035)"
